{"cameraMode":{"drawMode":0,"name":"Shaded","section":"Shading Mode"},"sceneLighting":false,"audioPlay":false,"sceneViewState":{"showFog":false,"showMaterialUpdate":false,"showSkybox":false,"showFlares":false,"showImageEffects":false,"showParticleSystems":false},"in2DMode":false,"pivot":{"x":7.603808403015137,"y":5.8416748046875,"z":6.374647617340088},"rotation":{"x":-0.11979269236326218,"y":0.8168538808822632,"z":-0.18335717916488648,"w":-0.5336579084396362},"size":83.09910583496094,"orthographic":false}